Name,Region,state,summit_elev,vertical_drop,base_elev,trams,fastSixes,fastQuads,quad,triple,double,surface,total_chairs,Runs,TerrainParks,LongestRun_mi,SkiableTerrain_ac,Snow Making_ac,daysOpenLastYear,yearsOpen,averageSnowfall,AdultWeekend,projectedDaysOpen,NightSkiing_ac,resorts_per_state,resorts_per_100kcapita,resorts_per_100ksq_mile,resort_skiable_area_ac_state_ratio,resort_days_open_state_ratio,resort_terrain_park_state_ratio,resort_night_skiing_state_ratio,total_chairs_runs_ratio,total_chairs_skiable_ratio,fastQuads_runs_ratio,fastQuads_skiable_ratio
Alyeska Resort,Alaska,Alaska,3939,2500,250,1,0,2,2,0,0,2,7,76,2,1,1610,113,150,60,669,85,150,550,3,0.410090972,0.450867469,0.706140351,0.434782609,0.5,0.948275862,0.092105263,0.004347826,0.026315789,0.001242236
Eaglecrest Ski Area,Alaska,Alaska,2600,1540,1200,0,0,0,0,0,4,0,4,36,1,2,640,60,45,44,350,53,90,,3,0.410090972,0.450867469,0.280701754,0.130434783,0.25,,0.111111111,0.00625,0,0
Hilltop Ski Area,Alaska,Alaska,2090,294,1796,0,0,0,0,1,0,2,3,13,1,1,30,30,150,36,69,34,152,30,3,0.410090972,0.450867469,0.013157895,0.434782609,0.25,0.051724138,0.230769231,0.1,0,0
Arizona Snowbowl,Arizona,Arizona,11500,2300,9200,0,1,0,2,2,1,2,8,55,4,2,777,104,122,81,260,89,122,,2,0.02747737,1.754539872,0.492707673,0.514767932,0.666666667,,0.145454545,0.01029601,0,0
Sunrise Park Resort,Arizona,Arizona,11100,1800,9200,0,0,1,2,3,1,0,7,65,2,1.2,800,80,115,49,250,78,104,80,2,0.02747737,1.754539872,0.507292327,0.485232068,0.333333333,1,0.107692308,0.00875,0.015384615,0.00125
Yosemite Ski & Snowboard Area,Northern California,California,7800,600,7200,0,0,0,0,1,3,1,5,10,2,0.4,88,,110,84,300,47,107,,21,0.053148111,12.82873637,0.003391398,0.04017531,0.024691358,,0.5,0.056818182,0,0
Dodge Ridge,Sierra Nevada,California,8200,1600,6600,0,0,0,1,2,5,4,12,67,5,2,862,,,69,350,78,140,,21,0.053148111,12.82873637,0.033220287,,0.061728395,,0.179104478,0.013921114,0,0
Donner Ski Ranch,Sierra Nevada,California,8012,750,7031,0,0,0,0,1,5,2,8,52,2,1.5,505,60,163,82,400,75,170,,21,0.053148111,12.82873637,0.019462001,0.059532505,0.024691358,,0.153846154,0.015841584,0,0
Mammoth Mountain Ski Area,Sierra Nevada,California,11053,3100,7953,3,2,9,1,6,4,0,25,154,7,3,3500,700,243,66,400,159,,,21,0.053148111,12.82873637,0.134885155,0.088750913,0.086419753,,0.162337662,0.007142857,0.058441558,0.002571429
Mt. Shasta Ski Park,Sierra Nevada,California,6890,1435,5500,0,0,0,0,3,0,1,4,32,2,1.1,425,225,140,34,300,59,130,,21,0.053148111,12.82873637,0.016378912,0.051132213,0.024691358,,0.125,0.009411765,0,0
Mountain High,Sierra Nevada,California,8200,1600,6600,0,0,2,2,2,5,3,14,59,1,1.6,290,275,118,95,108,84,150,73,21,0.053148111,12.82873637,0.011176199,0.043097151,0.012345679,0.124361158,0.237288136,0.048275862,0.033898305,0.006896552
Mt. Baldy,Sierra Nevada,California,8600,2100,6500,0,0,0,0,0,4,0,4,26,,2.5,400,80,175,67,178,69,200,,21,0.053148111,12.82873637,0.015415446,0.063915267,,,0.153846154,0.01,0,0
Ski China Peak,Sierra Nevada,California,8709,1679,7030,0,0,0,1,4,2,4,11,45,1,2.2,1400,150,140,62,300,83,144,,21,0.053148111,12.82873637,0.053954062,0.051132213,0.012345679,,0.244444444,0.007857143,0,0
Snow Valley,Sierra Nevada,California,7841,1041,6800,0,0,0,0,5,6,1,12,28,6,1.2,240,188,111,82,160,79,143,164,21,0.053148111,12.82873637,0.009249268,0.040540541,0.074074074,0.279386712,0.428571429,0.05,0,0
Soda Springs,Sierra Nevada,California,7352,652,6700,0,0,0,0,1,1,2,4,18,,0.4,200,20,150,83,400,50,144,,21,0.053148111,12.82873637,0.007707723,0.054784514,,,0.222222222,0.02,0,0
Sugar Bowl Resort,Sierra Nevada,California,8383,1500,6883,1,0,5,3,1,0,2,12,105,3,3,1650,375,151,80,500,125,150,,21,0.053148111,12.82873637,0.063588716,0.055149744,0.037037037,,0.114285714,0.007272727,0.047619048,0.003030303
Tahoe Donner,Sierra Nevada,California,7350,600,6750,0,0,0,1,1,0,3,5,14,2,1,120,,150,48,400,69,144,,21,0.053148111,12.82873637,0.004624634,0.054784514,0.024691358,,0.357142857,0.041666667,0,0
Arapahoe Basin Ski Area,Colorado,Colorado,13050,2530,10780,0,0,1,2,1,2,3,9,145,3,1.5,1428,125,230,73,350,85,233,,22,0.382028278,21.1347436,0.032690811,0.070595457,0.040540541,,0.062068966,0.006302521,0.006896552,0.00070028
Aspen / Snowmass,Colorado,Colorado,12510,4406,8104,3,1,15,4,3,5,9,40,336,10,5.3,5517,658,138,72,300,179,138,,22,0.382028278,21.1347436,0.126299162,0.042357274,0.135135135,,0.119047619,0.007250317,0.044642857,0.002718869
Copper Mountain Resort,Colorado,Colorado,12313,2738,9712,1,2,4,0,4,4,9,24,150,6,1.7,2527,364,164,47,300,158,164,,22,0.382028278,21.1347436,0.057849915,0.05033763,0.081081081,,0.16,0.009497428,0.026666667,0.001582905
Purgatory,Colorado,Colorado,10822,2029,8793,0,1,2,0,3,3,3,12,101,9,1.3,1605,250,130,54,260,89,130,,22,0.382028278,21.1347436,0.036742823,0.03990178,0.121621622,,0.118811881,0.007476636,0.01980198,0.001246106
Howelsen Hill,Colorado,Colorado,7136,440,6696,0,0,0,0,0,1,3,4,17,1,6,50,25,100,104,150,25,100,10,22,0.382028278,21.1347436,0.001144636,0.030693677,0.013513514,0.023364486,0.235294118,0.08,0,0
Loveland,Colorado,Colorado,13010,2210,10800,0,0,1,3,3,2,1,10,94,1,2,1800,240,205,82,422,79,184,,22,0.382028278,21.1347436,0.041206904,0.062922038,0.013513514,,0.106382979,0.005555556,0.010638298,0.000555556
Monarch Mountain,Colorado,Colorado,11952,1162,10790,0,0,0,1,0,4,2,7,64,2,1,800,,143,80,350,89,136,,22,0.382028278,21.1347436,0.01831418,0.043891958,0.027027027,,0.109375,0.00875,0,0
Powderhorn,Colorado,Colorado,9850,1650,8200,0,0,1,0,0,2,2,5,42,2,1.5,1600,42,111,53,250,71,110,,22,0.382028278,21.1347436,0.03662836,0.034069982,0.027027027,,0.119047619,0.003125,0.023809524,0.000625
Silverton Mountain,Colorado,Colorado,13487,3087,10400,0,0,0,0,0,1,0,1,,,1.5,1819,,175,17,400,79,181,,22,0.382028278,21.1347436,0.041641866,0.053713935,,,,0.000549753,,0
Cooper,Colorado,Colorado,11700,1200,10500,0,0,0,0,1,1,2,4,41,1,1,400,,130,74,260,56,130,,22,0.382028278,21.1347436,0.00915709,0.03990178,0.013513514,,0.097560976,0.01,0,0
Ski Granby Ranch,Colorado,Colorado,9202,1000,8202,0,0,2,0,1,1,1,5,40,1,0.6,406,170,116,36,220,84,92,100,22,0.382028278,21.1347436,0.009294446,0.035604665,0.013513514,0.23364486,0.125,0.012315271,0.05,0.004926108
Sunlight Mountain Resort,Colorado,Colorado,9895,2010,7885,0,0,0,0,1,2,0,3,67,1,2.5,680,30,100,53,250,65,135,,22,0.382028278,21.1347436,0.015567053,0.030693677,0.013513514,,0.044776119,0.004411765,0,0
Telluride,Colorado,Colorado,13150,4425,8725,2,0,6,1,2,2,4,17,148,3,4.6,2000,220,131,47,280,139,137,,22,0.382028278,21.1347436,0.045785449,0.040208717,0.040540541,,0.114864865,0.0085,0.040540541,0.003
Wolf Creek Ski Area,Colorado,Colorado,11904,1604,10300,0,0,3,1,2,1,3,10,120,,2,1600,5,130,80,430,72,150,,22,0.382028278,21.1347436,0.03662836,0.03990178,,,0.083333333,0.00625,0.025,0.001875
Mohawk Mountain,Connecticut,Connecticut,1600,650,950,0,0,0,0,5,0,3,8,25,,1.5,107,100,,72,92,65,110,64,5,0.140241518,90.20386073,0.298882682,,,0.25,0.32,0.074766355,0,0
Mount Southington Ski Area,Connecticut,Connecticut,525,425,100,0,0,0,0,2,2,3,7,14,2,0.3,51,51,63,55,80,60,95,51,5,0.140241518,90.20386073,0.142458101,0.178470255,0.2,0.19921875,0.5,0.137254902,0,0
Powder Ridge Park,Connecticut,Connecticut,720,550,170,0,0,0,0,1,2,2,5,19,4,0.5,80,68,80,60,80,55,100,40,5,0.140241518,90.20386073,0.223463687,0.226628895,0.4,0.15625,0.263157895,0.0625,0,0
Ski Sundown,Connecticut,Connecticut,1075,625,450,0,0,0,0,3,0,2,5,16,2,1,70,70,84,50,45,62,95,66,5,0.140241518,90.20386073,0.195530726,0.23796034,0.2,0.2578125,0.3125,0.071428571,0,0
Woodbury Ski Area,Connecticut,Connecticut,730,300,430,0,0,0,0,0,1,4,5,12,2,0.2,50,50,126,57,70,42,180,35,5,0.140241518,90.20386073,0.139664804,0.35694051,0.2,0.13671875,0.416666667,0.1,0,0
Bogus Basin,Idaho,Idaho,7582,1800,5800,0,0,3,0,1,3,4,11,91,3,1.5,2600,,134,77,250,64,130,165,12,0.671492083,14.35939164,0.158575262,0.117957746,0.111111111,0.397590361,0.120879121,0.004230769,0.032967033,0.001153846
Brundage Mountain Resort,Idaho,Idaho,7640,1800,5840,0,0,1,0,4,0,1,6,51,2,3.2,1920,2,126,58,320,70,,,12,0.671492083,14.35939164,0.117101732,0.110915493,0.074074074,,0.117647059,0.003125,0.019607843,0.000520833
Kelly Canyon Ski Area,Idaho,Idaho,6600,1000,5600,0,0,0,0,0,4,2,6,51,1,1.3,740,,,62,200,42,,,12,0.671492083,14.35939164,0.045132959,,0.037037037,,0.117647059,0.008108108,0,0
Lookout Pass Ski Area,Idaho,Idaho,5650,1150,4500,0,0,0,0,1,3,0,4,35,2,1.5,540,,113,84,400,47,140,,12,0.671492083,14.35939164,0.032934862,0.099471831,0.074074074,,0.114285714,0.007407407,0,0
Magic Mountain Ski Area,Idaho,Idaho,7200,700,6500,0,0,0,0,0,1,2,3,11,,1.5,280,,65,81,180,32,70,,12,0.671492083,14.35939164,0.017077336,0.05721831,,,0.272727273,0.010714286,0,0
Pebble Creek Ski Area,Idaho,Idaho,8560,2200,6360,0,0,0,0,3,0,0,3,54,2,1.3,1100,30,85,70,250,47,91,30,12,0.671492083,14.35939164,0.067089534,0.074823944,0.074074074,0.072289157,0.055555556,0.002727273,0,0
Schweitzer,Idaho,Idaho,6400,2400,4000,0,1,2,0,1,3,2,9,92,3,2.1,2900,47,136,56,300,81,,100,12,0.671492083,14.35939164,0.176872408,0.11971831,0.111111111,0.240963855,0.097826087,0.003103448,0.02173913,0.000689655
Silver Mountain,Idaho,Idaho,6300,2200,4100,1,0,0,1,2,2,1,7,80,2,2.5,1600,225,130,29,300,62,193,20,12,0.671492083,14.35939164,0.097584777,0.11443662,0.074074074,0.048192771,0.0875,0.004375,0,0
Soldier Mountain Ski Area,Idaho,Idaho,7200,1400,5800,0,0,0,0,0,2,1,3,36,,0.4,1142,,60,71,,43,,,12,0.671492083,14.35939164,0.069651134,0.052816901,,,0.083333333,0.00262697,0,0
Tamarack Resort,Idaho,Idaho,7700,2800,4900,0,0,2,2,0,0,2,6,48,3,1.5,1020,200,,15,300,71,150,,12,0.671492083,14.35939164,0.062210295,,0.111111111,,0.125,0.005882353,0.041666667,0.001960784
Chestnut Mountain Resort,Illinois,Illinois,1040,475,565,0,0,0,2,4,0,3,9,22,3,0.2,139,139,87,60,50,55,112,139,4,0.031566102,6.906792831,0.727748691,0.393665158,0.5,0.727748691,0.409090909,0.064748201,0,0
Ski Snowstar Winter Sports Park,Illinois,Illinois,790,262,528,0,0,0,2,0,2,2,6,15,1,0.8,28,28,56,38,38,35,86,28,4,0.031566102,6.906792831,0.146596859,0.253393665,0.166666667,0.146596859,0.4,0.214285714,0,0
Villa Olivia,Illinois,Illinois,500,180,320,0,0,0,1,0,0,6,7,7,1,0.1,15,15,,53,25,40,70,15,4,0.031566102,6.906792831,0.078534031,,0.166666667,0.078534031,1,0.466666667,0,0
Paoli Peaks,Indiana,Indiana,900,300,600,0,0,1,1,3,1,2,8,15,2,0.4,65,65,75,41,18,45,80,65,2,0.029707887,5.491488193,0.393939394,0.477707006,0.5,0.393939394,0.533333333,0.123076923,0.066666667,0.015384615
Perfect North Slopes,Indiana,Indiana,800,400,400,0,0,0,2,3,0,6,11,23,2,1,100,100,82,39,24,52,90,100,2,0.029707887,5.491488193,0.606060606,0.522292994,0.5,0.606060606,0.47826087,0.11,0,0
Mt. Crescent Ski Area,Iowa,Iowa,1500,300,1200,0,0,0,1,0,1,0,2,11,1,0.2,50,50,,58,30,39,,50,3,0.095085054,5.331153484,0.357142857,,0.2,0.357142857,0.181818182,0.04,0,0
Seven Oaks,Iowa,Iowa,975,275,800,0,0,0,0,2,0,2,4,11,2,1,35,35,100,22,40,40,100,35,3,0.095085054,5.331153484,0.25,1,0.4,0.25,0.363636364,0.114285714,0,0
Sundown Mountain,Iowa,Iowa,1059,475,584,0,0,0,1,1,2,2,6,21,2,0.6,55,55,,46,45,46,,55,3,0.095085054,5.331153484,0.392857143,,0.4,0.392857143,0.285714286,0.109090909,0,0
Big Squaw Mountain Ski Resort,Maine,Maine,3200,660,1750,0,0,0,0,1,0,0,1,29,,0.8,,,67,6,,30,58,,9,0.669537246,25.43810062,,0.077456647,,,0.034482759,,0,
Camden Snow Bowl,Maine,Maine,1080,850,150,0,0,0,0,1,1,1,3,26,2,1,100,48,68,83,69,43,70,48,9,0.669537246,25.43810062,0.031094527,0.078612717,0.117647059,0.12371134,0.115384615,0.03,0,0
Lost Valley,Maine,Maine,495,240,255,0,0,0,0,0,2,2,4,22,2,0.3,45,45,87,58,50,55,104,45,9,0.669537246,25.43810062,0.013992537,0.100578035,0.117647059,0.115979381,0.181818182,0.088888889,0,0
Mt. Abram Ski Resort,Maine,Maine,2250,1150,1050,0,0,0,0,0,2,3,5,54,1,0.5,640,175,120,59,125,49,120,,9,0.669537246,25.43810062,0.199004975,0.138728324,0.058823529,,0.092592593,0.0078125,0,0
New Hermon Mountain,Maine,Maine,450,350,100,0,0,0,0,0,1,2,3,20,,1.9,70,70,102,55,90,32,117,45,9,0.669537246,25.43810062,0.021766169,0.117919075,,0.115979381,0.15,0.042857143,0,0
Shawnee Peak,Maine,Maine,1900,1350,600,0,0,0,1,2,1,2,6,43,3,0.8,239,234,97,81,110,75,103,110,9,0.669537246,25.43810062,0.07431592,0.112138728,0.176470588,0.283505155,0.139534884,0.025104603,0,0
Sugarloaf,Maine,Maine,4237,2820,1417,0,0,2,3,1,5,2,13,162,4,3.5,1240,618,159,68,200,99,155,,9,0.669537246,25.43810062,0.385572139,0.183815029,0.235294118,,0.080246914,0.010483871,0.012345679,0.001612903
Sunday River,Maine,Maine,3140,2340,800,1,0,4,5,3,1,1,15,135,5,3,870,552,165,60,167,105,169,140,9,0.669537246,25.43810062,0.270522388,0.190751445,0.294117647,0.360824742,0.111111111,0.017241379,0.02962963,0.004597701
Wisp,Maryland,Maryland,3115,700,2415,0,0,0,2,5,0,5,12,34,3,1.5,172,118,121,64,100,79,120,118,1,0.016540737,8.060615831,1,1,1,1,0.352941176,0.069767442,0,0
Berkshire East,Massachusetts,Massachusetts,1720,1180,540,0,0,0,2,1,1,2,6,47,2,2,180,165,120,68,120,68,120,80,11,0.159593692,104.2258859,0.154373928,0.178837556,0.111111111,0.137221269,0.127659574,0.033333333,0,0
Blandford Ski Area,Massachusetts,Massachusetts,1685,465,1035,0,0,0,0,0,3,2,5,29,2,0.5,132,70,,83,50,45,,70,11,0.159593692,104.2258859,0.113207547,,0.111111111,0.120068611,0.172413793,0.037878788,0,0
Blue Hills Ski Area,Massachusetts,Massachusetts,635,309,326,0,0,0,0,0,1,3,4,16,1,,60,60,,19,,45,,,11,0.159593692,104.2258859,0.051457976,,0.055555556,,0.25,0.066666667,0,0
Bousquet Ski Area,Massachusetts,Massachusetts,1875,750,1125,0,0,0,0,0,3,2,5,23,1,1,200,98,,19,83,49,,100,11,0.159593692,104.2258859,0.171526587,,0.055555556,0.171526587,0.217391304,0.025,0,0
Bradford Ski Area,Massachusetts,Massachusetts,1548,248,1300,0,0,0,0,2,0,8,10,15,1,0.3,48,48,,71,,55,,,11,0.159593692,104.2258859,0.041166381,,0.055555556,,0.666666667,0.208333333,0,0
Jiminy Peak,Massachusetts,Massachusetts,2380,1150,1230,0,1,0,2,3,1,2,9,45,3,2,167,163,121,71,90,81,120,104,11,0.159593692,104.2258859,0.1432247,0.180327869,0.166666667,0.17838765,0.2,0.053892216,0,0
Nashoba Valley,Massachusetts,Massachusetts,440,240,200,0,0,0,0,3,1,7,11,17,2,0.5,52,52,112,55,55,58,126,52,11,0.159593692,104.2258859,0.044596913,0.166915052,0.111111111,0.089193825,0.647058824,0.211538462,0,0
Otis Ridge Ski Area,Massachusetts,Massachusetts,1700,400,1300,0,0,0,0,0,1,3,4,11,1,1,60,55,106,73,70,40,106,35,11,0.159593692,104.2258859,0.051457976,0.157973174,0.055555556,0.060034305,0.363636364,0.066666667,0,0
Ski Butternut,Massachusetts,Massachusetts,1800,1000,800,0,0,0,3,1,1,6,11,22,2,1.5,110,110,107,56,115,60,110,,11,0.159593692,104.2258859,0.094339623,0.159463487,0.111111111,,0.5,0.1,0,0
Wachusett Mountain Ski Area,Massachusetts,Massachusetts,2006,1000,1006,0,0,3,0,1,0,4,8,27,2,1.5,112,112,,57,100,71,120,104,11,0.159593692,104.2258859,0.096054889,,0.111111111,0.17838765,0.296296296,0.071428571,0.111111111,0.026785714
Alpine Valley Ski Area,Michigan,Michigan,500,240,126,0,0,0,1,2,5,6,14,25,3,0.2,100,100,,57,20,47,,100,28,0.280368488,28.95134107,0.022696323,,0.047619048,0.051387461,0.56,0.14,0,0
Apple Mountain,Michigan,Michigan,820,220,600,0,0,0,1,0,0,5,6,12,,,80,42,,58,52,35,,80,28,0.280368488,28.95134107,0.018157059,,,0.041109969,0.5,0.075,0,0
Big Powderhorn Mountain,Michigan,Michigan,1800,600,1200,0,0,0,0,0,9,1,10,45,2,1,253,228,100,55,214,69,108,,28,0.280368488,28.95134107,0.057421698,0.041858518,0.031746032,,0.222222222,0.039525692,0,0
Bittersweet Ski Area,Michigan,Michigan,850,350,450,0,0,0,1,7,0,4,12,20,2,0.2,100,100,80,36,90,48,,100,28,0.280368488,28.95134107,0.022696323,0.033486815,0.031746032,0.051387461,0.6,0.12,0,0
Big Snow Resort - Blackjack,Michigan,Michigan,850,465,385,0,0,0,0,0,4,2,6,26,2,1,170,86,95,42,210,65,115,,28,0.280368488,28.95134107,0.038583749,0.039765592,0.031746032,,0.230769231,0.035294118,0,0
Boyne Highlands,Michigan,Michigan,1290,552,745,0,0,1,3,4,0,2,10,55,4,1.2,435,400,97,56,140,98,120,150,28,0.280368488,28.95134107,0.098729006,0.040602763,0.063492063,0.077081192,0.181818182,0.022988506,0.018181818,0.002298851
Caberfae Peaks,Michigan,Michigan,1569,485,1060,0,0,0,1,2,1,1,5,34,2,1.2,200,200,118,82,140,49,130,150,28,0.280368488,28.95134107,0.045392646,0.049393051,0.031746032,0.077081192,0.147058824,0.025,0,0
Cannonsburg,Michigan,Michigan,1100,250,850,0,0,0,1,1,1,7,10,21,5,0.1,100,,100,54,100,37,100,,28,0.280368488,28.95134107,0.022696323,0.041858518,0.079365079,,0.476190476,0.1,0,0
Crystal Mountain,Michigan,Michigan,1132,375,757,0,0,1,3,2,0,2,8,58,3,0.3,102,96,120,63,132,64,135,56,28,0.280368488,28.95134107,0.02315025,0.050230222,0.047619048,0.028776978,0.137931034,0.078431373,0.017241379,0.009803922
Big Snow Resort - Indianhead Mountain,Michigan,Michigan,1935,638,1297,0,0,0,1,1,5,2,9,32,2,1,240,150,120,60,204,49,120,,28,0.280368488,28.95134107,0.054471176,0.050230222,0.031746032,,0.28125,0.0375,0,0
Mont Ripley,Michigan,Michigan,1140,440,700,0,0,0,0,0,2,2,4,25,2,0.8,112,112,114,83,275,49,100,100,28,0.280368488,28.95134107,0.025419882,0.047718711,0.031746032,0.051387461,0.16,0.035714286,0,0
Mount Bohemia,Michigan,Michigan,1500,900,600,0,0,0,0,1,1,0,2,,,2.3,585,,83,19,273,68,100,,28,0.280368488,28.95134107,0.132773491,0.03474257,,,,0.003418803,,0
Mt. Brighton,Michigan,Michigan,1330,230,1100,0,0,0,2,3,0,8,13,25,5,0.1,130,130,111,59,60,59,100,130,28,0.280368488,28.95134107,0.02950522,0.046462955,0.079365079,0.0668037,0.52,0.1,0,0
Mt. Holiday Ski Area,Michigan,Michigan,440,200,240,0,0,0,0,0,2,2,4,12,,0.1,45,45,100,70,120,34,90,45,28,0.280368488,28.95134107,0.010213345,0.041858518,,0.023124358,0.333333333,0.088888889,0,0
Mount Holly,Michigan,Michigan,1105,350,755,0,0,1,2,3,1,6,13,19,,0.1,100,100,,63,42,45,102,100,28,0.280368488,28.95134107,0.022696323,,,0.051387461,0.684210526,0.13,0.052631579,0.01
Mulligan's Hollow Ski Bowl,Michigan,Michigan,700,130,570,0,0,0,0,0,0,5,5,6,,0.2,10,10,,19,60,20,,10,28,0.280368488,28.95134107,0.002269632,,,0.005138746,0.833333333,0.5,0,0
Norway Mountain,Michigan,Michigan,1335,500,835,0,0,0,0,1,2,3,6,17,1,1.4,186,186,110,45,100,45,110,40,28,0.280368488,28.95134107,0.042215161,0.04604437,0.015873016,0.020554985,0.352941176,0.032258065,0,0
Nubs Nob Ski Area,Michigan,Michigan,1338,427,911,0,0,0,3,4,2,1,10,53,3,0.9,248,248,133,61,135,85,130,160,28,0.280368488,28.95134107,0.056286882,0.055671829,0.047619048,0.082219938,0.188679245,0.040322581,0,0
Pine Mountain,Michigan,Michigan,1650,500,1150,0,0,0,0,1,2,1,4,28,1,0.5,160,160,110,80,60,45,126,80,28,0.280368488,28.95134107,0.036314117,0.04604437,0.015873016,0.041109969,0.142857143,0.025,0,0
Schuss Mountain at Shanty Creek,Michigan,Michigan,1125,450,675,0,0,0,5,0,0,3,8,42,3,1,70,70,94,57,160,78,111,70,28,0.280368488,28.95134107,0.015887426,0.039347007,0.047619048,0.035971223,0.19047619,0.114285714,0,0
Ski Brule,Michigan,Michigan,1860,500,1360,0,0,0,0,0,5,7,12,17,3,1,150,150,164,62,150,49,165,40,28,0.280368488,28.95134107,0.034044485,0.06864797,0.047619048,0.020554985,0.705882353,0.08,0,0
Snow Snake Mountain Ski Area,Michigan,Michigan,1230,210,1020,0,0,0,0,1,0,5,6,12,2,0,40,40,,72,,35,,40,28,0.280368488,28.95134107,0.009078529,,0.031746032,0.020554985,0.5,0.15,0,0
Swiss Valley,Michigan,Michigan,1200,225,975,0,0,0,2,1,0,4,7,11,2,0.1,60,60,89,51,60,42,80,60,28,0.280368488,28.95134107,0.013617794,0.037254081,0.031746032,0.030832477,0.636363636,0.116666667,0,0
The Homestead,Michigan,Michigan,900,320,580,0,0,0,0,2,1,2,5,15,1,0.2,16,16,47,34,150,50,42,16,28,0.280368488,28.95134107,0.003631412,0.019673504,0.015873016,0.008221994,0.333333333,0.3125,0,0
Timber Ridge,Michigan,Michigan,850,250,600,0,0,0,1,1,2,4,8,16,2,0.3,50,50,80,58,,45,,50,28,0.280368488,28.95134107,0.011348162,0.033486815,0.031746032,0.025693731,0.5,0.16,0,0
Afton Alps,Minnesota,Minnesota,1530,350,1180,0,0,0,1,3,14,4,22,48,5,0.5,250,250,135,56,60,60,135,250,14,0.248243148,16.1038005,0.16025641,0.090604027,0.172413793,0.245098039,0.458333333,0.088,0,0
Andes Tower Hills Ski Area,Minnesota,Minnesota,1620,290,1330,0,0,0,1,2,0,3,6,15,2,0.2,35,35,100,38,55,45,110,35,14,0.248243148,16.1038005,0.022435897,0.067114094,0.068965517,0.034313725,0.4,0.171428571,0,0
Buck Hill,Minnesota,Minnesota,1225,309,919,0,0,0,2,1,0,5,8,16,,0.2,45,45,115,65,60,47,112,45,14,0.248243148,16.1038005,0.028846154,0.077181208,,0.044117647,0.5,0.177777778,0,0
Buena Vista Ski Area,Minnesota,Minnesota,1510,230,1280,0,0,0,0,2,2,2,6,17,,0.3,30,30,57,70,78,44,60,30,14,0.248243148,16.1038005,0.019230769,0.038255034,,0.029411765,0.352941176,0.2,0,0
Coffee Mill Ski & Snowboard Resort,Minnesota,Minnesota,1150,425,725,0,0,0,0,0,2,1,3,14,1,1,40,35,57,39,48,37,56,35,14,0.248243148,16.1038005,0.025641026,0.038255034,0.034482759,0.034313725,0.214285714,0.075,0,0
Elm Creek Winter Recreation Area,Minnesota,Minnesota,928,60,868,0,0,0,0,0,0,3,3,3,,1,15,20,105,13,45,17,102,15,14,0.248243148,16.1038005,0.009615385,0.070469799,,0.014705882,1,0.2,0,0
Giants Ridge Resort,Minnesota,Minnesota,1972,500,1472,0,0,1,1,1,2,2,7,35,2,0.8,202,202,120,35,85,58,125,121,14,0.248243148,16.1038005,0.129487179,0.080536913,0.068965517,0.118627451,0.2,0.034653465,0.028571429,0.004950495
Hyland Ski & Snowboard Area,Minnesota,Minnesota,1075,175,900,0,0,0,2,1,0,5,8,14,1,1,35,35,110,61,55,35.34,115,35,14,0.248243148,16.1038005,0.022435897,0.073825503,0.034482759,0.034313725,0.571428571,0.228571429,0,0
Lutsen Mountains,Minnesota,Minnesota,1688,825,800,1,1,0,0,1,4,1,8,62,2,2,393,231,135,71,120,84,127,,14,0.248243148,16.1038005,0.251923077,0.090604027,0.068965517,,0.129032258,0.020356234,0,0
Mount Kato Ski Area,Minnesota,Minnesota,540,240,300,0,0,0,5,0,3,2,10,19,4,1,55,55,115,43,50,46,120,50,14,0.248243148,16.1038005,0.03525641,0.077181208,0.137931034,0.049019608,0.526315789,0.181818182,0,0
Powder Ridge Ski Area,Minnesota,Minnesota,790,300,500,0,0,0,1,0,2,3,6,15,4,,60,60,97,58,45,48,113,60,14,0.248243148,16.1038005,0.038461538,0.065100671,0.137931034,0.058823529,0.4,0.1,0,0
Spirit Mountain,Minnesota,Minnesota,1320,700,620,0,0,1,1,2,1,2,7,22,3,1,175,175,100,45,100,59,125,144,14,0.248243148,16.1038005,0.112179487,0.067114094,0.103448276,0.141176471,0.318181818,0.04,0.045454545,0.005714286
Welch Village,Minnesota,Minnesota,1060,360,700,0,0,0,3,1,4,2,10,50,1,0.8,125,125,114,54,45,60,122,100,14,0.248243148,16.1038005,0.080128205,0.076510067,0.034482759,0.098039216,0.2,0.08,0,0
Wild Mountain Ski & Snowboard Area,Minnesota,Minnesota,1113,300,813,0,0,0,4,0,0,4,8,26,4,0.9,100,100,130,47,50,55,140,100,14,0.248243148,16.1038005,0.064102564,0.087248322,0.137931034,0.098039216,0.307692308,0.08,0,0
Hidden Valley Ski Area,Missouri,Missouri,2566,310,2316,0,0,0,2,2,0,3,7,17,,0.1,30,30,,37,26,49,,17,2,0.03258694,2.869152309,0.5,,,0.361702128,0.411764706,0.233333333,0,0
Snow Creek,Missouri,Missouri,1100,300,800,0,0,0,0,2,1,2,5,14,2,0.3,30,30,69,33,20,47,85,30,2,0.03258694,2.869152309,0.5,1,1,0.638297872,0.357142857,0.166666667,0,0
Blacktail Mountain Ski Area,Montana,Montana,6676,1440,5236,0,0,0,0,1,2,1,4,27,,0.7,1000,,,21,250,42,,,12,1.122777602,8.161044614,0.046707146,,,,0.148148148,0.004,0,0
Bridger Bowl,Montana,Montana,8700,2600,6100,0,0,0,1,6,1,3,11,105,2,1.5,2000,100,122,64,350,63,133,,12,1.122777602,8.161044614,0.093414292,0.128286015,0.074074074,,0.104761905,0.0055,0,0
Discovery Ski Area,Montana,Montana,8150,2380,5770,0,0,0,0,5,2,1,8,74,1,1.5,2400,25,116,46,225,49,116,,12,1.122777602,8.161044614,0.112097151,0.121976866,0.037037037,,0.108108108,0.003333333,0,0
Great Divide,Montana,Montana,7330,1580,5750,0,0,0,0,0,5,1,6,110,6,3,1600,150,94,78,180,48,100,100,12,1.122777602,8.161044614,0.074731434,0.098843323,0.222222222,0.14084507,0.054545455,0.00375,0,0
Lost Trail - Powder Mtn,Montana,Montana,8200,1800,6400,0,0,0,0,0,5,3,8,69,2,2.5,1800,,84,81,325,46,80,,12,1.122777602,8.161044614,0.084072863,0.088328076,0.074074074,,0.115942029,0.004444444,0,0
Maverick Mountain,Montana,Montana,8520,2020,6500,0,0,0,0,0,1,1,2,22,,1.3,255,,,83,160,39,,,12,1.122777602,8.161044614,0.011910322,,,,0.090909091,0.007843137,0,0
Montana Snowbowl,Montana,Montana,7600,2600,5000,0,0,0,0,0,2,2,4,37,,1.2,950,20,,58,300,50,,10,12,1.122777602,8.161044614,0.044371789,,,0.014084507,0.108108108,0.004210526,0,0
Red Lodge Mountain,Montana,Montana,9416,2400,7016,0,0,2,0,1,3,1,7,70,2,2.5,1635,496,142,59,250,67,136,,12,1.122777602,8.161044614,0.076366184,0.149316509,0.074074074,,0.1,0.004281346,0.028571429,0.001223242
Showdown Montana,Montana,Montana,8200,1400,6800,0,0,0,0,1,2,1,4,36,1,1.8,640,,86,83,250,47,85,,12,1.122777602,8.161044614,0.029892574,0.090431125,0.037037037,,0.111111111,0.00625,0,0
Teton Pass Ski Resort,Montana,Montana,7200,1010,6190,0,0,0,0,0,1,2,3,43,1,3,330,,40,54,250,39,150,,12,1.122777602,8.161044614,0.015413358,0.042060988,0.037037037,,0.069767442,0.009090909,0,0
Big Mountain Resort,Montana,Montana,6817,2353,4464,0,0,3,2,6,0,3,14,105,4,3.3,3000,600,123,72,333,81,123,600,12,1.122777602,8.161044614,0.140121439,0.129337539,0.148148148,0.845070423,0.133333333,0.004666667,0.028571429,0.001
Diamond Peak,Sierra Nevada,Nevada,8540,1840,6700,0,0,1,2,0,3,1,7,30,3,2.5,655,492,100,53,300,99,122,,4,0.129863552,3.617552364,0.31042654,0.240963855,0.333333333,,0.233333333,0.010687023,0.033333333,0.001526718
Elko SnoBowl,Nevada,Nevada,7000,700,6300,0,0,0,0,0,1,1,2,10,,1,60,2,19,23,24,20,30,,4,0.129863552,3.617552364,0.028436019,0.045783133,,,0.2,0.033333333,0,0
Lee Canyon,Nevada,Nevada,11289,860,8510,0,0,0,2,1,0,0,3,24,1,0.3,195,50,144,56,161,70,150,,4,0.129863552,3.617552364,0.092417062,0.346987952,0.111111111,,0.125,0.015384615,0,0
Mt. Rose - Ski Tahoe,Sierra Nevada,Nevada,9700,1800,8260,0,2,0,2,2,0,2,8,65,5,2.5,1200,330,152,55,350,135,150,,4,0.129863552,3.617552364,0.568720379,0.36626506,0.555555556,,0.123076923,0.006666667,0,0
Attitash,New Hampshire,New Hampshire,2350,1750,600,0,0,2,1,3,2,1,9,68,3,3,311,240,115,54,120,89,130,,16,1.176720641,171.1412985,0.090749927,0.062263129,0.069767442,,0.132352941,0.028938907,0.029411765,0.006430868
Black Mountain,New Hampshire,New Hampshire,2350,1100,1250,0,0,0,0,1,1,3,5,45,,1.6,143,120,110,84,125,59,107,,16,1.176720641,171.1412985,0.041727458,0.059556037,,,0.111111111,0.034965035,0,0
Bretton Woods,New Hampshire,New Hampshire,3100,1500,1600,0,0,4,1,1,0,3,9,63,2,2,464,427,180,46,200,99,180,45,16,1.176720641,171.1412985,0.13539539,0.097455333,0.046511628,0.119680851,0.142857143,0.019396552,0.063492063,0.00862069
Cannon Mountain,New Hampshire,New Hampshire,4080,2180,1900,1,0,1,2,3,1,3,11,97,3,2.3,285,192,124,81,160,79,143,,16,1.176720641,171.1412985,0.083163116,0.067135896,0.069767442,,0.113402062,0.038596491,0.010309278,0.003508772
Crotched Mountain,New Hampshire,New Hampshire,2066,1016,1050,0,0,1,1,1,1,1,5,25,3,1.2,100,100,105,16,105,69,100,100,16,1.176720641,171.1412985,0.029180041,0.056848944,0.069767442,0.265957447,0.2,0.05,0.04,0.01
Dartmouth Skiway,New Hampshire,New Hampshire,1943,969,974,0,0,0,1,0,1,2,4,28,1,1.1,107,54,104,63,100,50,105,,16,1.176720641,171.1412985,0.031222644,0.056307526,0.023255814,,0.142857143,0.037383178,0,0
Gunstock,New Hampshire,New Hampshire,2300,1400,900,0,0,1,2,2,0,1,6,55,4,1.5,227,176,106,82,120,92,,60,16,1.176720641,171.1412985,0.066238693,0.057390363,0.093023256,0.159574468,0.109090909,0.026431718,0.018181818,0.004405286
King Pine,New Hampshire,New Hampshire,850,350,500,0,0,0,0,3,0,3,6,17,2,0.3,48,45,105,57,120,58,107,23,16,1.176720641,171.1412985,0.01400642,0.056848944,0.046511628,0.061170213,0.352941176,0.125,0,0
Mount Sunapee,New Hampshire,New Hampshire,2743,1510,1233,0,0,2,1,2,1,4,10,66,4,0.8,232,215,130,71,100,93,136,,16,1.176720641,171.1412985,0.067697695,0.070384407,0.093023256,,0.151515152,0.043103448,0.03030303,0.00862069
Pats Peak,New Hampshire,New Hampshire,1460,770,690,0,0,0,0,4,2,5,11,28,3,1.5,115,115,109,56,100,72,112,93,16,1.176720641,171.1412985,0.033557047,0.059014618,0.069767442,0.247340426,0.392857143,0.095652174,0,0
Ragged Mountain Resort,New Hampshire,New Hampshire,2250,1250,1000,0,1,1,0,1,0,3,6,57,3,0.7,250,200,,54,100,84,140,,16,1.176720641,171.1412985,0.072950102,,0.069767442,,0.105263158,0.024,0.01754386,0.004
Waterville Valley,New Hampshire,New Hampshire,4004,2020,1984,0,0,2,0,2,3,4,11,62,4,1.9,265,220,142,54,148,93,142,,16,1.176720641,171.1412985,0.077327108,0.076881429,0.093023256,,0.177419355,0.041509434,0.032258065,0.00754717
Whaleback Mountain,New Hampshire,New Hampshire,1800,700,1100,0,0,0,0,0,1,3,4,30,1,1,85,60,105,64,110,45,105,55,16,1.176720641,171.1412985,0.024803035,0.056848944,0.023255814,0.146276596,0.133333333,0.047058824,0,0
Wildcat Mountain,New Hampshire,New Hampshire,4062,2112,1950,0,0,1,0,3,0,1,5,48,,2.8,225,200,156,61,200,89,150,,16,1.176720641,171.1412985,0.065655092,0.084461289,,,0.104166667,0.022222222,0.020833333,0.004444444
Mountain Creek Resort,New Jersey,New Jersey,1480,1040,440,1,0,2,2,1,1,3,10,46,3,2,167,167,90,54,65,79.99,100,167,2,0.022516969,22.92789178,0.878947368,0.529411765,0.75,0.922651934,0.217391304,0.05988024,0.043478261,0.011976048
Angel Fire Resort,New Mexico,New Mexico,10677,2077,8600,0,0,2,0,0,3,2,7,81,3,3,560,230,101,53,210,77,101,50,9,0.42921955,7.4019245,0.107218074,0.104554865,0.166666667,1,0.086419753,0.0125,0.024691358,0.003571429
Enchanted Forest Ski Area,New Mexico,New Mexico,10078,400,9820,0,0,0,0,0,0,0,0,33,,2.5,600,,130,34,240,20,140,,9,0.42921955,7.4019245,0.114876508,0.134575569,,,0,0,0,0
Pajarito Mountain Ski Area,New Mexico,New Mexico,10441,1410,9031,0,0,0,1,1,3,1,6,45,2,0.6,750,35,89,62,163,49,117,,9,0.42921955,7.4019245,0.143595635,0.092132505,0.111111111,,0.133333333,0.008,0,0
Red River,New Mexico,New Mexico,10350,1600,8750,0,0,0,1,3,1,2,7,63,3,2.5,209,,110,60,214,79,,,9,0.42921955,7.4019245,0.040015317,0.113871636,0.166666667,,0.111111111,0.033492823,0,0
Sandia Peak,New Mexico,New Mexico,10378,1700,8678,0,0,0,0,0,4,1,5,39,1,2,200,30,32,82,100,55,38,,9,0.42921955,7.4019245,0.038292169,0.033126294,0.055555556,,0.128205128,0.025,0,0
Sipapu Ski Resort,New Mexico,New Mexico,9255,1055,8200,0,0,0,1,2,0,3,6,42,4,0.5,200,140,127,67,190,47,143,,9,0.42921955,7.4019245,0.038292169,0.131469979,0.222222222,,0.142857143,0.03,0,0
Ski Apache,New Mexico,New Mexico,11500,1900,9600,1,0,0,2,6,0,2,11,55,3,2,750,270,133,58,185,74,124,,9,0.42921955,7.4019245,0.143595635,0.137681159,0.166666667,,0.2,0.014666667,0,0
Ski Santa Fe,New Mexico,New Mexico,12075,1725,10350,0,0,0,1,2,2,2,7,83,1,3,660,275,107,73,225,80,130,,9,0.42921955,7.4019245,0.126364159,0.110766046,0.055555556,,0.084337349,0.010606061,0,0
Taos Ski Valley,New Mexico,New Mexico,12481,3281,9200,1,0,1,3,4,1,4,14,111,1,5,1294,647,137,64,300,110,136,,9,0.42921955,7.4019245,0.247750335,0.141821946,0.055555556,,0.126126126,0.010819165,0.009009009,0.000772798
Belleayre,New York,New York,3429,1404,2025,1,0,1,1,1,2,2,8,50,2,2.2,175,168,154,70,130,72,150,,33,0.169634752,60.48941435,0.031737396,0.064597315,0.027777778,,0.16,0.045714286,0.02,0.005714286
Brantling Ski Slopes,New York,New York,850,250,600,0,0,0,0,0,0,5,5,10,,0.1,20,16,,19,110,32,,,33,0.169634752,60.48941435,0.003627131,,,,0.5,0.25,0,0
Bristol Mountain,New York,New York,2200,1200,1000,0,0,2,1,1,1,1,6,34,3,2,160,148,129,55,60,76,129,154,33,0.169634752,60.48941435,0.029017048,0.054110738,0.041666667,0.054301834,0.176470588,0.0375,0.058823529,0.0125
Buffalo Ski Club Ski Area,New York,New York,3429,500,2025,0,0,0,0,0,2,4,6,43,1,,225,150,,12,,50,,100,33,0.169634752,60.48941435,0.040805223,,0.013888889,0.035260931,0.139534884,0.026666667,0,0
Catamount,New York,New York,2000,1000,1000,0,0,0,1,1,2,3,7,36,5,2,133,130,100,80,108,69,90,55,33,0.169634752,60.48941435,0.024120421,0.041946309,0.069444444,0.019393512,0.194444444,0.052631579,0,0
Dry Hill Ski Area,New York,New York,950,300,650,0,0,0,0,0,1,2,3,7,1,0.2,35,26,,55,125,35,,26,33,0.169634752,60.48941435,0.006347479,,0.013888889,0.009167842,0.428571429,0.085714286,0,0
Gore Mountain,New York,New York,3600,2537,998,1,0,2,2,3,2,4,14,110,7,4.5,439,338,142,55,150,88,,15,33,0.169634752,60.48941435,0.079615524,0.059563758,0.097222222,0.00528914,0.127272727,0.031890661,0.018181818,0.004555809
Greek Peak,New York,New York,2100,952,1148,0,0,0,1,1,4,2,8,56,4,1.5,220,184,110,62,122,63.2,113,175,33,0.169634752,60.48941435,0.03989844,0.04614094,0.055555556,0.061706629,0.142857143,0.036363636,0,0
Holiday Mountain,New York,New York,1550,400,1150,0,0,0,1,0,1,2,4,9,,0.4,37,37,75,60,50,42,85,37,33,0.169634752,60.48941435,0.006710192,0.031459732,,0.013046544,0.444444444,0.108108108,0,0
Holiday Valley,New York,New York,2250,750,1500,0,0,3,8,0,0,2,13,60,5,1,290,266,116,62,180,78,129,189,33,0.169634752,60.48941435,0.052593399,0.048657718,0.069444444,0.066643159,0.216666667,0.044827586,0.05,0.010344828
Holimont Ski Area,New York,New York,2260,700,1560,0,0,1,1,2,3,1,8,53,3,1.5,135,135,110,57,180,75,119,,33,0.169634752,60.48941435,0.024483134,0.04614094,0.041666667,,0.150943396,0.059259259,0.018867925,0.007407407
Hunt Hollow Ski Club,New York,New York,2030,825,1000,0,0,0,0,1,1,1,3,19,1,1,400,400,,52,130,58,75,400,33,0.169634752,60.48941435,0.072542619,,0.013888889,0.141043724,0.157894737,0.0075,0,0
Hunter Mountain,New York,New York,3200,1600,1600,0,2,1,2,2,2,4,13,67,4,2,320,320,148,59,120,89,155,,33,0.169634752,60.48941435,0.058034095,0.062080537,0.055555556,,0.194029851,0.040625,0.014925373,0.003125
Kissing Bridge,New York,New York,1700,550,1150,0,0,0,2,1,4,3,10,39,5,0.5,700,550,103,59,120,60,100,650,33,0.169634752,60.48941435,0.126949583,0.043204698,0.069444444,0.229196051,0.256410256,0.014285714,0,0
Labrador Mt.,New York,New York,1825,700,1125,0,0,0,0,1,2,1,4,23,1,1,250,237,,62,125,59,100,180,33,0.169634752,60.48941435,0.045339137,,0.013888889,0.063469676,0.173913043,0.016,0,0
Maple Ski Ridge,New York,New York,1200,450,750,0,0,0,0,1,1,1,3,10,,0.3,25,25,,57,,38,,20,33,0.169634752,60.48941435,0.004533914,,,0.007052186,0.3,0.12,0,0
McCauley Mountain Ski Center,New York,New York,2250,633,1563,0,0,0,0,0,1,4,5,23,1,0.3,70,55,105,61,200,30,105,,33,0.169634752,60.48941435,0.012694958,0.044043624,0.013888889,,0.217391304,0.071428571,0,0
Mount Peter Ski Area,New York,New York,1250,450,750,0,0,0,1,0,2,2,5,14,1,1,69,69,100,83,50,54,100,69,33,0.169634752,60.48941435,0.012513602,0.041946309,0.013888889,0.024330042,0.357142857,0.072463768,0,0
Oak Mountain,New York,New York,2400,650,1750,0,0,0,1,0,0,3,4,22,1,1.2,46,18,,71,120,40,,12,33,0.169634752,60.48941435,0.008342401,,0.013888889,0.004231312,0.181818182,0.086956522,0,0
Peek'n Peak,New York,New York,1800,400,1400,0,0,0,0,8,0,2,10,27,4,2.4,110,110,110,55,225,63,,110,33,0.169634752,60.48941435,0.01994922,0.04614094,0.055555556,0.038787024,0.37037037,0.090909091,0,0
Plattekill Mountain,New York,New York,3500,1100,2400,0,0,0,0,1,1,2,4,38,1,2,110,75,65,26,175,67,65,,33,0.169634752,60.48941435,0.01994922,0.027265101,0.013888889,,0.105263158,0.036363636,0,0
Royal Mountain Ski Area,New York,New York,1800,550,1250,0,0,0,0,0,3,0,3,14,,0.3,35,28,,63,90,45,,,33,0.169634752,60.48941435,0.006347479,,,,0.214285714,0.085714286,0,0
Snow Ridge,New York,New York,2000,650,1350,0,0,0,0,0,4,2,6,21,2,0.8,130,65,73,74,230,48,100,40,33,0.169634752,60.48941435,0.023576351,0.030620805,0.027777778,0.014104372,0.285714286,0.046153846,0,0
Song Mountain,New York,New York,1940,700,1240,0,0,0,0,1,1,3,5,24,,0.4,93,70,90,55,125,59,122,70,33,0.169634752,60.48941435,0.016866159,0.037751678,,0.024682652,0.208333333,0.053763441,0,0
Swain,New York,New York,1970,650,1320,0,0,0,3,0,1,1,5,35,3,1,130,90,102,72,120,59,100,80,33,0.169634752,60.48941435,0.023576351,0.042785235,0.041666667,0.028208745,0.142857143,0.038461538,0,0
Thunder Ridge,New York,New York,1270,500,770,0,0,0,0,1,2,3,6,30,,0.4,100,100,121,60,,57,121,100,33,0.169634752,60.48941435,0.018135655,0.050755034,,0.035260931,0.2,0.06,0,0
Titus Mountain,New York,New York,2025,1200,825,0,0,0,0,2,6,2,10,50,3,2,200,150,101,59,150,49,100,70,33,0.169634752,60.48941435,0.036271309,0.042365772,0.041666667,0.024682652,0.2,0.05,0,0
Toggenburg Mountain,New York,New York,2000,700,1300,0,0,0,0,1,1,3,5,22,2,0.4,85,,,66,130,55,122,73,33,0.169634752,60.48941435,0.015415306,,0.027777778,0.02574048,0.227272727,0.058823529,0,0
West Mountain,New York,New York,1470,1010,460,0,0,0,0,1,2,2,5,29,1,0.6,124,105,,58,80,59,120,105,33,0.169634752,60.48941435,0.022488212,,0.013888889,0.037023977,0.172413793,0.040322581,0,0
Whiteface Mountain Resort,New York,New York,4650,3430,1220,1,0,1,1,2,5,2,12,86,5,2.1,288,220,122,61,168,96,141,,33,0.169634752,60.48941435,0.052230686,0.051174497,0.069444444,,0.139534884,0.041666667,0.011627907,0.003472222
Willard Mountain,New York,New York,1415,505,910,0,0,0,0,0,2,3,5,16,,0.4,50,35,85,19,80,46,120,35,33,0.169634752,60.48941435,0.009067827,0.035654362,,0.012341326,0.3125,0.1,0,0
Windham Mountain,New York,New York,3100,1600,1500,0,1,2,0,3,1,5,12,54,6,2,285,280,123,59,105,95,130,56,33,0.169634752,60.48941435,0.051686616,0.05159396,0.083333333,0.019746121,0.222222222,0.042105263,0.037037037,0.007017544
Woods Valley Ski Area,New York,New York,1400,500,900,0,0,0,0,0,2,4,6,21,,0.3,25,16,,55,180,39,,15,33,0.169634752,60.48941435,0.004533914,,,0.00528914,0.285714286,0.24,0,0
Appalachian Ski Mountain,North Carolina,North Carolina,4000,365,3635,0,0,0,2,0,1,2,5,12,3,0.5,27,27,100,57,50,64,100,27,6,0.05720778,11.14847916,0.072972973,0.197628458,0.333333333,0.080597015,0.416666667,0.185185185,0,0
Cataloochee Ski Area,North Carolina,North Carolina,5400,740,4660,0,0,0,1,1,1,2,5,18,2,1,50,50,141,58,50,70,108,50,6,0.05720778,11.14847916,0.135135135,0.278656126,0.222222222,0.149253731,0.277777778,0.1,0,0
Sapphire Valley,North Carolina,North Carolina,3450,200,3200,0,0,0,1,0,0,2,3,,1,1,8,8,53,55,24,43,60,8,6,0.05720778,11.14847916,0.021621622,0.104743083,0.111111111,0.023880597,,0.375,,0
Beech Mountain Resort,North Carolina,North Carolina,5506,830,4675,0,0,0,3,0,3,2,8,17,1,1,95,95,98,52,31,68,,95,6,0.05720778,11.14847916,0.256756757,0.193675889,0.111111111,0.28358209,0.470588235,0.084210526,0,0
Sugar Mountain Resort,North Carolina,North Carolina,5300,1200,4100,0,1,0,0,1,4,2,8,21,1,1.5,125,125,114,50,77,75,120,95,6,0.05720778,11.14847916,0.337837838,0.225296443,0.111111111,0.28358209,0.380952381,0.064,0,0
Wolf Ridge Ski Resort,North Carolina,North Carolina,4700,720,4000,0,0,0,1,0,1,2,4,15,1,0.6,65,65,,49,65,65,100,60,6,0.05720778,11.14847916,0.175675676,,0.111111111,0.179104478,0.266666667,0.061538462,0,0
Alpine Valley,Ohio,Ohio,1500,230,1260,0,0,0,1,2,1,1,5,11,1,0.2,72,72,105,53,120,43,,72,5,0.042774893,11.15424084,0.171021378,0.214723926,0.083333333,0.171021378,0.454545455,0.069444444,0,0
Boston Mills,Ohio,Ohio,871,264,631,0,0,0,0,4,2,2,8,7,2,0.3,40,40,92,56,51,44,110,40,5,0.042774893,11.15424084,0.095011876,0.188139059,0.166666667,0.095011876,1.142857143,0.2,0,0
Brandywine,Ohio,Ohio,871,240,631,0,0,0,2,7,2,5,16,11,2,0.3,85,85,92,56,51,44,110,85,5,0.042774893,11.15424084,0.201900238,0.188139059,0.166666667,0.201900238,1.454545455,0.188235294,0,0
Mad River Mountain,Ohio,Ohio,1460,300,1160,0,0,0,1,2,3,6,12,20,4,0.5,144,144,99,57,36,44,90,144,5,0.042774893,11.15424084,0.342042755,0.202453988,0.333333333,0.342042755,0.6,0.083333333,0,0
Snow Trails,Ohio,Ohio,1475,301,1174,0,0,0,0,4,2,3,9,17,3,0.2,80,80,101,58,50,52,70,80,5,0.042774893,11.15424084,0.190023753,0.206543967,0.25,0.190023753,0.529411765,0.1125,0,0
Anthony Lakes Mountain Resort,Oregon,Oregon,8000,900,7100,0,0,0,0,1,0,2,3,21,2,1.5,1100,,75,56,300,40,80,,10,0.237093968,10.16477094,0.093426193,0.063559322,0.090909091,,0.142857143,0.002727273,0,0
Cooper Spur,Mt. Hood,Oregon,4000,350,3500,0,0,0,0,0,1,1,2,10,,0.1,50,,78,66,100,39,90,,10,0.237093968,10.16477094,0.004246645,0.066101695,,,0.2,0.04,0,0
Hoodoo Ski Area,Oregon,Oregon,5703,1035,4668,0,0,0,3,1,1,0,5,34,,0.4,806,,80,81,350,59,108,200,10,0.237093968,10.16477094,0.06845592,0.06779661,,0.177462289,0.147058824,0.006203474,0,0
Mt. Ashland,Oregon,Oregon,7533,1150,6383,0,0,0,0,2,2,1,5,23,2,1,220,,94,55,300,52,92,40,10,0.237093968,10.16477094,0.018685239,0.079661017,0.090909091,0.035492458,0.217391304,0.022727273,0,0
Mt. Bachelor,Oregon,Oregon,9065,3365,5700,0,0,8,0,3,0,0,11,101,5,4,4318,20,185,61,462,99,185,,10,0.237093968,10.16477094,0.366740275,0.156779661,0.227272727,,0.108910891,0.002547476,0.079207921,0.00185271
Mt. Hood Skibowl,Mt. Hood,Oregon,5100,1500,3600,0,0,0,0,0,4,5,9,65,2,3,960,29,125,82,300,70,144,317,10,0.237093968,10.16477094,0.081535587,0.105932203,0.090909091,0.281277728,0.138461538,0.009375,0,0
Willamette Pass,Oregon,Oregon,6683,1563,5120,0,1,0,0,3,0,1,5,29,,2.1,555,60,3,78,430,60,100,,10,0.237093968,10.16477094,0.047137761,0.002542373,,,0.172413793,0.009009009,0,0
Bear Creek Mountain Resort,Pennsylvania,Pennsylvania,1100,510,600,0,0,0,3,1,0,2,6,23,3,1,86,86,91,52,30,60,90,86,19,0.148414438,41.25591697,0.045550847,0.064814815,0.063829787,0.056282723,0.260869565,0.069767442,0,0
Ski Big Bear,Pennsylvania,Pennsylvania,1250,650,600,0,0,0,0,0,4,2,6,18,1,1.5,26,26,75,43,69,62,75,26,19,0.148414438,41.25591697,0.013771186,0.053418803,0.021276596,0.017015707,0.333333333,0.230769231,0,0
Big Boulder,Pennsylvania,Pennsylvania,2175,600,1700,0,0,0,0,2,5,1,8,16,8,,55,55,76,72,50,65,95,55,19,0.148414438,41.25591697,0.029131356,0.054131054,0.170212766,0.035994764,0.5,0.145454545,0,0
Blue Knob,Pennsylvania,Pennsylvania,3146,1072,2074,0,0,0,0,2,2,2,6,34,1,2,100,84,87,56,120,68,105,42,19,0.148414438,41.25591697,0.052966102,0.061965812,0.021276596,0.027486911,0.176470588,0.06,0,0
Blue Mountain Resort,Pennsylvania,Pennsylvania,1600,1082,460,0,1,1,1,1,3,9,16,39,5,1.2,164,164,122,42,33,65,112,164,19,0.148414438,41.25591697,0.086864407,0.086894587,0.106382979,0.107329843,0.41025641,0.097560976,0.025641026,0.006097561
Camelback Mountain Resort,Pennsylvania,Pennsylvania,2100,800,1250,0,0,2,0,3,5,6,16,37,5,1,166,166,100,56,50,70,100,160,19,0.148414438,41.25591697,0.087923729,0.071225071,0.106382979,0.104712042,0.432432432,0.096385542,0.054054054,0.012048193
Elk Mountain Ski Resort,Pennsylvania,Pennsylvania,2693,1000,1693,0,0,0,1,0,5,1,7,27,2,0.7,180,146,,60,60,69,100,90,19,0.148414438,41.25591697,0.095338983,,0.042553191,0.058900524,0.259259259,0.038888889,0,0
Jack Frost,Pennsylvania,Pennsylvania,2000,600,1400,0,0,0,1,2,5,1,9,20,1,1,100,100,96,47,50,65,105,,19,0.148414438,41.25591697,0.052966102,0.068376068,0.021276596,,0.45,0.09,0,0
Liberty,Pennsylvania,Pennsylvania,1190,620,570,0,0,0,5,0,0,3,8,16,3,1,100,100,107,54,31,77,97,100,19,0.148414438,41.25591697,0.052966102,0.076210826,0.063829787,0.065445026,0.5,0.08,0,0
Mount Pleasant of Edinboro,Pennsylvania,Pennsylvania,1540,340,1200,0,0,0,0,1,0,1,2,10,,0.5,40,35,75,48,100,33,90,35,19,0.148414438,41.25591697,0.021186441,0.053418803,,0.022905759,0.2,0.05,0,0
Roundtop Mountain Resort,Pennsylvania,Pennsylvania,1400,600,800,0,0,0,3,2,0,3,8,20,2,0.4,103,103,,55,30,73,,100,19,0.148414438,41.25591697,0.054555085,,0.042553191,0.065445026,0.4,0.077669903,0,0
Seven Springs,Pennsylvania,Pennsylvania,2994,750,2240,0,2,0,3,5,0,4,14,33,7,1.2,285,285,99,87,135,87,115,200,19,0.148414438,41.25591697,0.15095339,0.070512821,0.14893617,0.130890052,0.424242424,0.049122807,0,0
Shawnee Mountain Ski Area,Pennsylvania,Pennsylvania,1350,700,650,0,0,1,1,0,4,4,10,23,2,1.6,125,125,100,44,50,65,122,120,19,0.148414438,41.25591697,0.066207627,0.071225071,0.042553191,0.078534031,0.434782609,0.08,0.043478261,0.008
Ski Sawmill,Pennsylvania,Pennsylvania,2215,515,1700,0,0,0,0,1,1,3,5,14,1,0.1,15,13,,50,24,44,90,15,19,0.148414438,41.25591697,0.007944915,,0.021276596,0.009816754,0.357142857,0.333333333,0,0
Tussey Mountain,Pennsylvania,Pennsylvania,1750,520,1230,0,0,0,1,0,1,3,5,8,1,0.3,38,30,100,39,41,45,100,30,19,0.148414438,41.25591697,0.020127119,0.071225071,0.021276596,0.019633508,0.625,0.131578947,0,0
Whitetail Resort,Pennsylvania,Pennsylvania,1800,935,865,0,0,1,3,0,2,2,8,23,2,1,120,120,116,28,40,71,100,120,19,0.148414438,41.25591697,0.063559322,0.082621083,0.042553191,0.078534031,0.347826087,0.066666667,0.043478261,0.008333333
Deer Mountain Ski Resort,South Dakota,South Dakota,6850,940,6040,0,0,0,0,1,1,2,4,63,2,1.6,500,50,69,51,200,45,81,,2,0.22607581,2.593495513,0.526315789,0.37704918,0.666666667,,0.063492063,0.008,0,0
Terry Peak Ski Area,South Dakota,South Dakota,7100,1100,5900,0,0,3,0,1,0,1,5,30,1,1.2,450,225,114,65,150,58,120,,2,0.22607581,2.593495513,0.473684211,0.62295082,0.333333333,,0.166666667,0.011111111,0.1,0.006666667
Ober Gatlinburg Ski Resort,Tennessee,Tennessee,3300,600,2700,0,0,0,2,0,1,1,4,10,1,1,,,83,44,35,65,94,,1,0.014643059,2.372817008,,1,1,,0.4,,0,
Alta Ski Area,Salt Lake City,Utah,11068,2538,8530,0,0,3,0,1,2,0,6,116,,1.3,2614,140,150,81,545,116,140,,13,0.405495019,15.312673,0.085682444,0.097150259,,,0.051724138,0.002295333,0.025862069,0.001147666
Beaver Mountain,Utah,Utah,8600,1600,7232,0,0,0,0,1,3,1,5,48,2,0.8,464,,120,81,400,50,120,,13,0.405495019,15.312673,0.015209125,0.077720207,0.076923077,,0.104166667,0.010775862,0,0
Brian Head Resort,Utah,Utah,10970,1548,9600,0,0,1,0,6,1,0,8,71,2,0.6,650,216,149,54,360,59,148,,13,0.405495019,15.312673,0.021305887,0.096502591,0.076923077,,0.112676056,0.012307692,0.014084507,0.001538462
Brighton Resort,Salt Lake City,Utah,10500,1745,8755,0,0,3,1,1,0,2,7,66,4,1.2,1050,200,138,83,500,85,138,200,13,0.405495019,15.312673,0.034417202,0.089378238,0.153846154,0.31152648,0.106060606,0.006666667,0.045454545,0.002857143
Deer Valley Resort,Salt Lake City,Utah,9570,3000,6570,1,0,13,0,5,2,0,21,103,,2.8,2026,660,,39,300,169,,,13,0.405495019,15.312673,0.066408811,,,,0.203883495,0.010365252,0.126213592,0.006416584
Eagle Point,Utah,Utah,10600,1500,9100,0,0,0,1,1,2,1,5,40,1,0.9,650,,,9,400,60,109,,13,0.405495019,15.312673,0.021305887,,0.038461538,,0.125,0.007692308,0,0
Powder Mountain,Utah,Utah,9422,2522,6900,0,0,1,4,1,0,3,9,167,2,3.5,8464,,120,47,500,88,146,300,13,0.405495019,15.312673,0.277435427,0.077720207,0.076923077,0.46728972,0.053892216,0.001063327,0.005988024,0.000118147
Snowbasin,Utah,Utah,9350,2900,6450,3,1,2,0,3,0,2,11,107,4,3.5,3000,625,143,79,300,115,138,,13,0.405495019,15.312673,0.098334863,0.09261658,0.153846154,,0.102803738,0.003666667,0.018691589,0.000666667
Snowbird,Salt Lake City,Utah,11000,3240,7760,1,0,6,0,0,4,3,14,170,1,2.5,2500,,188,48,500,125,180,2,13,0.405495019,15.312673,0.081945719,0.121761658,0.038461538,0.003115265,0.082352941,0.0056,0.035294118,0.0024
Solitude Mountain Resort,Salt Lake City,Utah,10488,2494,7994,0,0,4,2,1,1,1,9,80,,3,1200,150,161,62,500,119,148,,13,0.405495019,15.312673,0.039333945,0.104274611,,,0.1125,0.0075,0.05,0.003333333
Sundance,Utah,Utah,8250,2150,6100,0,0,0,2,2,0,1,5,45,1,0.6,450,112,128,50,320,80,129,,13,0.405495019,15.312673,0.014750229,0.082901554,0.038461538,,0.111111111,0.011111111,0,0
Nordic Valley Resort,Utah,Utah,6400,960,5440,0,0,0,0,0,2,2,4,23,1,0.4,140,84,105,51,300,50,105,140,13,0.405495019,15.312673,0.00458896,0.068005181,0.038461538,0.218068536,0.173913043,0.028571429,0,0
Bolton Valley,Vermont,Vermont,3150,1704,1446,0,0,0,2,0,3,1,6,71,3,0.6,300,90,133,53,300,79,132,50,15,2.40388853,155.9900166,0.041442188,0.074845245,0.06,1,0.084507042,0.02,0,0
Bromley Mountain,Vermont,Vermont,3284,1334,1950,0,0,1,1,0,4,3,9,47,1,2.5,178,153,,83,168,91,152,,15,2.40388853,155.9900166,0.024589032,,0.02,,0.191489362,0.050561798,0.021276596,0.005617978
Burke Mountain,Vermont,Vermont,3267,2011,1210,0,0,2,1,0,0,3,6,50,3,2.2,178,125,110,62,217,73,125,,15,2.40388853,155.9900166,0.024589032,0.061902082,0.06,,0.12,0.033707865,0.04,0.011235955
Jay Peak,Vermont,Vermont,3968,2153,1815,1,0,1,3,1,1,2,9,79,2,3,385,300,155,64,349,89,160,,15,2.40388853,155.9900166,0.053184141,0.087225661,0.04,,0.113924051,0.023376623,0.012658228,0.002597403
Killington Resort,Vermont,Vermont,4241,3050,1165,3,1,5,4,3,1,5,22,155,6,6,1515,600,192,61,250,119,,,15,2.40388853,155.9900166,0.20928305,0.108047271,0.12,,0.141935484,0.014521452,0.032258065,0.00330033
Magic Mountain,Vermont,Vermont,2850,1500,1350,0,0,0,0,0,3,3,6,50,1,1.6,205,95,76,59,150,74,80,,15,2.40388853,155.9900166,0.028318829,0.042768711,0.02,,0.12,0.029268293,0,0
Pico Mountain,Vermont,Vermont,3967,1967,2000,0,0,2,0,2,2,1,7,59,1,4,260,156,,82,250,81,,,15,2.40388853,155.9900166,0.035916563,,0.02,,0.118644068,0.026923077,0.033898305,0.007692308
Smugglers' Notch Resort,Vermont,Vermont,3640,2610,1030,0,0,0,0,0,6,2,8,78,6,3,1000,192,136,63,280,79,135,,15,2.40388853,155.9900166,0.138140627,0.076533483,0.12,,0.102564103,0.008,0,0
Sugarbush,Vermont,Vermont,4083,2600,1483,0,0,5,5,2,1,3,16,111,4,3,581,406,150,61,250,119,156,,15,2.40388853,155.9900166,0.080259704,0.08441193,0.08,,0.144144144,0.027538726,0.045045045,0.008605852
Suicide Six,Vermont,Vermont,1200,650,550,0,0,0,0,0,2,1,3,24,,0.4,100,50,100,85,90,75,106,,15,2.40388853,155.9900166,0.013814063,0.05627462,,,0.125,0.03,0,0
Bryce Resort,Virginia,Virginia,1750,500,1250,0,0,0,1,0,1,5,7,8,,0.4,25,25,100,54,30,68,95,20,4,0.046862997,9.351256575,0.092936803,0.273224044,,0.148148148,0.875,0.28,0,0
49 Degrees North,Washington,Washington,5774,1851,3932,0,0,0,1,0,5,1,7,89,1,2,2325,,101,48,301,62,135,250,10,0.131321609,14.02563887,0.151663405,0.098825832,0.047619048,0.125187782,0.078651685,0.003010753,0,0
Bluewood,Washington,Washington,5670,1125,4545,0,0,0,0,2,0,1,3,24,2,2,355,,70,40,300,47,110,,10,0.131321609,14.02563887,0.023157208,0.068493151,0.095238095,,0.125,0.008450704,0,0
Crystal Mountain,Washington,Washington,7012,3100,4400,1,2,2,1,2,2,0,10,57,1,2.5,2600,10,,57,486,99,,,10,0.131321609,14.02563887,0.169602087,,0.047619048,,0.175438596,0.003846154,0.035087719,0.000769231
Mt. Baker,Washington,Washington,5000,1500,3500,0,0,0,8,0,0,2,10,38,,0.7,1000,,143,66,663,60.01,165,,10,0.131321609,14.02563887,0.065231572,0.139921722,,,0.263157895,0.01,0,0
Mt. Spokane Ski and Snowboard Park,Washington,Washington,5889,2000,4200,0,0,0,0,1,5,1,7,52,3,0.6,1704,,100,81,300,59,103,45,10,0.131321609,14.02563887,0.111154599,0.097847358,0.142857143,0.022533801,0.134615385,0.004107981,0,0
The Summit at Snoqualmie,Washington,Washington,3865,1025,2840,0,0,3,3,4,10,7,27,112,5,0.8,1994,5,120,82,428,95,140,541,10,0.131321609,14.02563887,0.130071755,0.11741683,0.238095238,0.27090636,0.241071429,0.013540622,0.026785714,0.001504514
White Pass,Washington,Washington,6550,2050,4500,0,0,2,1,1,2,2,8,45,2,2.5,1402,30,148,67,400,69,144,90,10,0.131321609,14.02563887,0.091454664,0.14481409,0.095238095,0.045067601,0.177777778,0.005706134,0.044444444,0.001426534
Canaan Valley Resort,West Virginia,West Virginia,4280,850,3430,0,0,0,1,2,0,1,4,47,1,1.2,95,75,,48,160,68,93,,4,0.223195977,16.50846059,0.175276753,,0.111111111,,0.085106383,0.042105263,0,0
Snowshoe Mountain Resort,West Virginia,West Virginia,4848,1500,3348,0,0,3,2,6,0,3,14,60,5,1.5,257,257,125,46,180,87,138,86,4,0.223195977,16.50846059,0.474169742,0.365497076,0.555555556,0.459893048,0.233333333,0.054474708,0.05,0.011673152
Timberline Four Seasons,West Virginia,West Virginia,4265,1000,3268,0,0,0,0,2,1,1,4,40,1,2,100,100,97,37,150,92,115,27,4,0.223195977,16.50846059,0.184501845,0.283625731,0.111111111,0.144385027,0.1,0.04,0,0
Winterplace Ski Resort,West Virginia,West Virginia,3600,603,2997,0,0,0,2,3,2,2,9,27,2,1.2,90,90,120,36,100,72,120,74,4,0.223195977,16.50846059,0.166051661,0.350877193,0.222222222,0.395721925,0.333333333,0.1,0,0
Alpine Valley Resort,Wisconsin,Wisconsin,1040,388,820,0,0,3,0,3,1,5,12,21,3,0.2,90,90,100,55,80,65,120,90,15,0.257624217,22.90216196,0.051428571,0.065832785,0.075,0.084507042,0.571428571,0.133333333,0.142857143,0.033333333
Bruce Mound,Wisconsin,Wisconsin,1375,375,1000,0,0,0,0,1,0,4,5,12,2,0.5,40,30,42,71,42,25,42,30,15,0.257624217,22.90216196,0.022857143,0.02764977,0.05,0.028169014,0.416666667,0.125,0,0
Cascade Mountain,Wisconsin,Wisconsin,1280,460,820,0,0,2,2,3,2,3,12,47,4,1.1,175,175,120,57,56,64,120,,15,0.257624217,22.90216196,0.1,0.078999342,0.1,,0.255319149,0.068571429,0.042553191,0.011428571
Christie Mountain,Wisconsin,Wisconsin,1650,350,1300,0,0,0,0,0,1,5,6,30,4,0.8,45,41,92,43,48,38,120,35,15,0.257624217,22.90216196,0.025714286,0.060566162,0.1,0.03286385,0.2,0.133333333,0,0
Devils Head,Wisconsin,Wisconsin,995,500,495,0,0,0,3,1,6,2,12,27,1,1,260,260,110,48,45,65,135,200,15,0.257624217,22.90216196,0.148571429,0.072416063,0.025,0.187793427,0.444444444,0.046153846,0,0
Grand Geneva,Wisconsin,Wisconsin,1086,211,875,0,0,0,0,0,3,3,6,20,1,0.2,30,30,90,25,25,49,93,30,15,0.257624217,22.90216196,0.017142857,0.059249506,0.025,0.028169014,0.3,0.2,0,0
Granite Peak Ski Area,Wisconsin,Wisconsin,1942,700,1242,0,1,2,0,2,0,2,7,75,4,0.6,220,160,136,82,75,92,135,200,15,0.257624217,22.90216196,0.125714286,0.089532587,0.1,0.187793427,0.093333333,0.031818182,0.026666667,0.009090909
Mount La Crosse,Wisconsin,Wisconsin,1110,516,594,0,0,0,0,0,3,1,4,19,1,0.4,100,100,115,60,40,56,100,90,15,0.257624217,22.90216196,0.057142857,0.075707702,0.025,0.084507042,0.210526316,0.04,0,0
Nordic Mountain,Wisconsin,Wisconsin,1137,265,872,0,0,0,0,1,1,5,7,18,4,1,60,60,68,43,80,47,90,60,15,0.257624217,22.90216196,0.034285714,0.044766294,0.1,0.056338028,0.388888889,0.116666667,0,0
Sunburst,Wisconsin,Wisconsin,1100,214,866,0,0,0,0,0,3,6,9,13,4,0.5,37,37,99,59,50,44,115,37,15,0.257624217,22.90216196,0.021142857,0.065174457,0.1,0.034741784,0.692307692,0.243243243,0,0
Trollhaugen,Wisconsin,Wisconsin,1200,260,920,0,0,0,2,0,1,5,8,24,4,0.5,86,86,130,69,50,54,120,86,15,0.257624217,22.90216196,0.049142857,0.08558262,0.1,0.080751174,0.333333333,0.093023256,0,0
Tyrol Basin,Wisconsin,Wisconsin,1160,300,860,0,0,0,0,3,0,2,5,18,5,0.5,32,32,112,61,41,48,103,32,15,0.257624217,22.90216196,0.018285714,0.073732719,0.125,0.030046948,0.277777778,0.15625,0,0
Whitecap Mountain,Wisconsin,Wisconsin,1750,400,1295,0,0,0,1,0,4,0,5,43,1,1,400,300,105,57,200,60,118,,15,0.257624217,22.90216196,0.228571429,0.069124424,0.025,,0.11627907,0.0125,0,0
Wilmot Mountain,Wisconsin,Wisconsin,1030,230,800,0,0,0,3,2,2,3,10,23,2,0.5,135,135,125,81,70,66,139,135,15,0.257624217,22.90216196,0.077142857,0.082290981,0.05,0.126760563,0.434782609,0.074074074,0,0
Grand Targhee Resort,Wyoming,Wyoming,9920,2270,7851,0,0,2,2,0,0,1,5,95,1,2.7,2602,,152,50,500,90,152,,8,1.382267922,8.178871929,0.398896213,0.212290503,0.071428571,,0.052631579,0.001921599,0.021052632,0.00076864
Hogadon Basin,Wyoming,Wyoming,8000,640,7400,0,0,0,0,0,1,1,2,28,1,0.6,92,32,121,61,80,48,95,,8,1.382267922,8.178871929,0.01410394,0.168994413,0.071428571,,0.071428571,0.02173913,0,0
Sleeping Giant Ski Resort,Wyoming,Wyoming,7428,810,6619,0,0,0,0,1,1,1,3,48,1,1,184,18,61,81,310,42,77,,8,1.382267922,8.178871929,0.02820788,0.085195531,0.071428571,,0.0625,0.016304348,0,0
Snow King Resort,Wyoming,Wyoming,7808,1571,6237,0,0,0,1,1,1,0,3,32,2,1,400,250,121,80,300,59,123,110,8,1.382267922,8.178871929,0.061321478,0.168994413,0.142857143,1,0.09375,0.0075,0,0
Snowy Range Ski & Recreation Area,Wyoming,Wyoming,9663,990,8798,0,0,0,0,1,3,1,5,33,2,0.7,75,30,131,59,250,49,,,8,1.382267922,8.178871929,0.011497777,0.182960894,0.142857143,,0.151515152,0.066666667,0,0
White Pine Ski Area,Wyoming,Wyoming,9500,1100,8400,0,0,0,0,2,0,0,2,25,,0.4,370,,,81,150,49,,,8,1.382267922,8.178871929,0.056722367,,,,0.08,0.005405405,0,0